StockCode,Description,Revenue,Revenue_Share,Cumulative_Revenue
23843,"PAPER CRAFT , LITTLE BIRDIE",168469.6,0.01890493643820078,0.01890493643820078
22423,REGENCY CAKESTAND 3 TIER,142592.94999999998,0.016001169684533835,0.03490610612273461
85123A,WHITE HANGING HEART T-LIGHT HOLDER,100448.15000000001,0.011271860864422173,0.04617796698715679
85099B,JUMBO BAG RED RETROSPOT,85220.78,0.009563110668713477,0.05574107765587026
23166,MEDIUM CERAMIC TOP STORAGE JAR,81416.73000000001,0.009136236482167433,0.0648773141380377
POST,POSTAGE,77803.96,0.008730826917380441,0.07360814105541814
47566,PARTY BUNTING,68844.33,0.007725415640450971,0.08133355669586911
84879,ASSORTED COLOUR BIRD ORNAMENT,56580.34,0.00634920324706528,0.0876827599429344
M,Manual,53779.93,0.006034953239640191,0.09371771318257459
23084,RABBIT NIGHT LIGHT,51346.2,0.005761850490196123,0.09947956367277071
79321,CHILLI LIGHTS,46286.51,0.0051940737646207075,0.10467363743739141
22086,PAPER CHAIN KIT 50'S CHRISTMAS ,42660.83,0.004787215494966979,0.1094608529323584
22502,PICNIC BASKET WICKER 60 PIECES,39619.5,0.004445930477743733,0.11390678341010213
21137,BLACK RECORD COVER FRAME,39064.55,0.004383656367302565,0.1182904397774047
22386,JUMBO BAG PINK POLKADOT,37289.590000000004,0.004184477963719077,0.12247491774112378
23284,DOORMAT KEEP CALM AND COME IN,35913.85,0.00403009831744764,0.12650501605857142
23298,SPOTTY BUNTING,35539.25,0.0039880623110123544,0.13049307836958376
82484,WOOD BLACK BOARD ANT WHITE FINISH,34478.01,0.0038689745067694756,0.13436205287635325
22720,SET OF 3 CAKE TINS PANTRY DESIGN ,33347.8,0.003742147184737377,0.13810420006109062
22960,JAM MAKING SET WITH JARS,32662.97,0.003665298497371982,0.1417694985584626
85099F,JUMBO BAG STRAWBERRY,30644.2,0.003438760780577103,0.14520825933903972
22178,VICTORIAN GLASS HANGING T-LIGHT,28776.51,0.003229176613841601,0.1484374359528813
22470,HEART OF WICKER LARGE,28520.95,0.003200498765991624,0.15163793471887294
22469,HEART OF WICKER SMALL,28228.64,0.0031676969906550023,0.15480563170952794
20725,LUNCH BAG RED RETROSPOT,28048.45,0.003147476841163347,0.15795310855069128
23245,SET OF 3 REGENCY CAKE TINS,26625.68,0.002987819689866146,0.16094092824055742
23199,JUMBO BAG APPLES,26451.260000000002,0.0029682470250438223,0.16390917526560125
22727,ALARM CLOCK BAKELIKE RED ,25925.2,0.002909214826577868,0.1668183900921791
22910,PAPER CHAIN KIT VINTAGE CHRISTMAS,25669.27,0.0028804954589137393,0.16969888555109286
20685,DOORMAT RED RETROSPOT,25397.85,0.002850037869840954,0.1725489234209338
21175,GIN + TONIC DIET METAL SIGN,24988.98,0.0028041562308895518,0.17535307965182337
22699,ROSES REGENCY TEACUP AND SAUCER ,24865.600000000002,0.0027903110561058216,0.1781433907079292
22629,SPACEBOY LUNCH BOX ,24694.59,0.0027711210468679723,0.18091451175479717
23355,HOT WATER BOTTLE KEEP CALM,24426.300000000003,0.0027410146929797642,0.18365552644777694
22457,NATURAL SLATE HEART CHALKBOARD ,24245.52,0.0027207283362168946,0.18637625478399383
23201,JUMBO BAG ALPHABET,24175.0,0.0027128148840710954,0.18908906966806494
21181,PLEASE ONE PERSON METAL SIGN,23930.920000000002,0.0026854252726169455,0.19177449494068188
21915,RED  HARMONICA IN BOX ,23793.93,0.0026700528419667325,0.1944445477826486
48138,DOORMAT UNION FLAG,23697.99,0.002659286866373029,0.19710383464902165
85099C,JUMBO  BAG BAROQUE BLACK WHITE,23675.04,0.0026567115157385126,0.19976054616476016
22112,CHOCOLATE HOT WATER BOTTLE,23624.24,0.002651010957471261,0.2024115571222314
22197,POPCORN HOLDER,23427.71,0.002628957203214115,0.20504051432544554
23173,REGENCY TEAPOT ROSES ,23073.32,0.0025891890763571988,0.20762970340180273
22138,BAKING SET 9 PIECE RETROSPOT ,23007.55,0.0025818086488525304,0.21021151205065525
48187,DOORMAT NEW ENGLAND,22968.25,0.002577398571295385,0.21278891062195063
22189,CREAM HEART CARD HOLDER,22715.57,0.002549043904701504,0.21533795452665214
21623,VINTAGE UNION JACK MEMOBOARD,22709.13,0.0025483212355038444,0.21788627576215597
21733,RED HANGING HEART T-LIGHT HOLDER,22624.690000000002,0.002538845740620247,0.2204251215027762
22326,ROUND SNACK BOXES SET OF4 WOODLAND ,22175.52,0.0024884418083977768,0.22291356331117398
23243,SET OF TEA COFFEE SUGAR TINS PANTRY,22133.83,0.002483763535284357,0.22539732684645833
21931,JUMBO STORAGE BAG SUKI,21790.95,0.002445287011294686,0.227842613857753
48185,DOORMAT FAIRY CAKE,21187.69,0.0023775917597139316,0.23022020561746695
22961,JAM MAKING SET PRINTED,21170.75,0.0023756908255200887,0.23259589644298703
23202,JUMBO BAG VINTAGE LEAF,20963.93,0.0023524823715666827,0.23494837881455372
21621,VINTAGE UNION JACK BUNTING,20962.16,0.00235228374975304,0.23730066256430676
22726,ALARM CLOCK BAKELIKE GREEN,20880.4,0.002343108992982755,0.23964377155728953
22666,RECIPE BOX PANTRY YELLOW DESIGN,20859.27,0.002340737874947577,0.2419845094322371
15056N,EDWARDIAN PARASOL NATURAL,20696.71,0.0023224960884923713,0.24430700552072945
23203,JUMBO BAG VINTAGE DOILY ,20674.68,0.0023200239763146637,0.24662702949704413
85066,CREAM SWEETHEART MINI CHEST,20562.92,0.0023074827481267095,0.24893451224517082
22722,SET OF 6 SPICE TINS PANTRY DESIGN,20530.0,0.0023037886068243882,0.2512383008519952
22139,RETROSPOT TEA SET CERAMIC 11 PC ,20470.780000000002,0.0022971431922459112,0.2535354440442411
21166,COOK WITH WINE METAL SIGN ,20315.33,0.002279699259516693,0.2558151433037578
22411,JUMBO SHOPPER VINTAGE RED PAISLEY,20174.23,0.002263865622282259,0.2580790089260401
22630,DOLLY GIRL LUNCH BOX,20129.44,0.00225883948045568,0.26033784840649576
22111,SCOTTIE DOG HOT WATER BOTTLE,20104.350000000002,0.0022560239881933702,0.2625938723946891
82482,WOODEN PICTURE FRAME WHITE FINISH,20001.65,0.0022444994343735524,0.26483837182906267
48194,DOORMAT HEARTS,19948.81,0.002238569956049899,0.26707694178511254
21731,RED TOADSTOOL LED NIGHT LIGHT,19844.91,0.002226910743373374,0.26930385252848593
22659,LUNCH BOX I LOVE LONDON,19353.219999999998,0.0021717353989949284,0.27147558792748083
21523,DOORMAT FANCY FONT HOME SWEET HOME,19157.02,0.0021497186759233777,0.27362530660340423
20713,JUMBO BAG OWLS,19076.92,0.0021407301972382027,0.27576603680064243
22090,PAPER BUNTING RETROSPOT,18791.890000000003,0.002108745352298936,0.27787478215294137
22728,ALARM CLOCK BAKELIKE PINK,18569.09,0.0020837436912370523,0.2799585258441784
21929,JUMBO BAG PINK VINTAGE PAISLEY,18429.98,0.002068133363273324,0.28202665920745174
23206,LUNCH BAG APPLE DESIGN,18278.25,0.0020511068729998964,0.28407776608045165
20727,LUNCH BAG  BLACK SKULL.,18024.55,0.002022637746377814,0.28610040382682944
21843,RED RETROSPOT CAKE STAND,17929.75,0.0020119996966979823,0.2881124035235274
22697,GREEN REGENCY TEACUP AND SAUCER,17806.34,0.0019981511554428336,0.29011055467897023
23344,JUMBO BAG 50'S CHRISTMAS ,17679.72,0.001983942401745995,0.2920944970807162
82494L,WOODEN FRAME ANTIQUE WHITE ,17625.07,0.001977809812980142,0.29407230689369634
22328,ROUND SNACK BOXES SET OF 4 FRUITS ,17604.99,0.001975556521444583,0.29604786341514094
84347,ROTATING SILVER ANGELS T-LIGHT HLDR,17592.52,0.0019741571914919723,0.2980220206066329
22467,GUMBALL COAT RACK,17580.350000000002,0.0019727915262535384,0.2999948121328864
22969,HOMEMADE JAM SCENTED CANDLES,17521.6,0.001966198853060604,0.301961010985947
21108,FAIRY CAKE FLANNEL ASSORTED COLOUR,17304.57,0.0019418446766680517,0.30390285566261505
20728,LUNCH BAG CARS BLUE,17265.68,0.0019374806075536145,0.30584033627016866
22693,GROW A FLYTRAP OR SUNFLOWER IN TIN,17226.2,0.001933050331167963,0.30777338660133663
23203,JUMBO BAG DOILEY PATTERNS,16741.260000000002,0.001878632442858493,0.30965201904419515
71477,COLOUR GLASS. STAR T-LIGHT HOLDER,16570.29,0.001859446922249201,0.31151146596644436
20914,SET/5 RED RETROSPOT LID GLASS BOWLS,16569.58,0.0018593672490923162,0.31337083321553666
21212,PACK OF 72 RETROSPOT CAKE CASES,16394.53,0.0018397238883702208,0.3152105571039069
22384,LUNCH BAG PINK POLKADOT,16349.5,0.001834670814772301,0.3170452279186792
22865,HAND WARMER OWL DESIGN,16237.630000000001,0.0018221172428558156,0.318867345161535
15036,ASSORTED COLOURS SILK FAN,16044.44,0.0018004382890831705,0.32066778345061814
22492,MINI PAINT SET VINTAGE ,16039.240000000002,0.0017998547673707748,0.3224676382179889
22382,LUNCH BAG SPACEBOY DESIGN ,15881.199999999999,0.0017821201959424974,0.3242497584139314
21485,RETROSPOT HEART HOT WATER BOTTLE,15871.73,0.0017810575131316534,0.32603081592706307
21754,HOME BUILDING BLOCK WORD,15630.960000000001,0.0017540393356905866,0.32778485526275364
85152,HAND OVER THE CHOCOLATE   SIGN ,15539.11,0.0017437323223668253,0.32952858758512044
20712,JUMBO BAG WOODLAND ANIMALS,15511.6,0.0017406452680768232,0.33126923285319726
22114,HOT WATER BOTTLE TEA AND SYMPATHY,15415.22,0.0017298299175689939,0.33299906277076624
22383,LUNCH BAG SUKI DESIGN ,15384.05,0.0017263321537660365,0.3347253949245323
22385,JUMBO BAG SPACEBOY DESIGN,15331.02,0.001720381354456738,0.33644577627898903
15056BL,EDWARDIAN PARASOL BLACK,15218.67,0.00170777391899757,0.3381535501979866
84946,ANTIQUE SILVER T-LIGHT GLASS,15206.42,0.0017063992765020222,0.3398599494744886
22077,6 RIBBONS RUSTIC CHARM,14988.589999999998,0.001681955327538332,0.34154190480202695
22624,IVORY KITCHEN SCALES,14788.33,0.0016594830086682564,0.3432013878106952
22698,PINK REGENCY TEACUP AND SAUCER,14769.49,0.0016573688646179608,0.3448587566753132
82483,WOOD 2 DRAWER CABINET WHITE FINISH,14689.87,0.001648434249475469,0.34650719092478866
21928,JUMBO BAG SCANDINAVIAN BLUE PAISLEY,14632.970000000001,0.0016420491753532914,0.3481492401001419
20726,LUNCH BAG WOODLAND,14537.11,0.0016312921770167015,0.3497805322771586
22993,SET OF 4 PANTRY JELLY MOULDS,14180.17,0.0015912379000892834,0.3513717701772479
22835,HOT WATER BOTTLE I AM SO POORLY,13847.28,0.001553882411081696,0.3529256525883296
22197,SMALL POPCORN HOLDER,13798.72,0.0015484332160136298,0.3544740858043432
84997D,CHILDRENS CUTLERY POLKADOT PINK,13796.6,0.0015481953187001147,0.3560222811230433
84077,WORLD WAR 2 GLIDERS ASSTD DESIGNS,13586.249999999998,0.001524590743276563,0.35754687186631984
48184,DOORMAT ENGLISH ROSE ,13470.95,0.0015116522714613246,0.35905852413778117
22084,PAPER CHAIN KIT EMPIRE,13435.150000000001,0.001507634948902907,0.36056615908668405
84029E,RED WOOLLY HOTTIE WHITE HEART.,13430.51,0.0015071142679903076,0.3620732733546744
22847,BREAD BIN DINER STYLE IVORY,13131.89,0.0014736044114988366,0.3635468777661732
23356,LOVE HOT WATER BOTTLE,13115.400000000001,0.0014717539743762584,0.3650186317405495
23200,JUMBO BAG PEARS,13043.24,0.0014636564884596265,0.36648228822900913
22622,BOX OF VINTAGE ALPHABET BLOCKS,13035.66,0.0014628058933480958,0.3679450941223572
84078A,SET/4 WHITE RETRO STORAGE CUBES ,13007.150000000001,0.0014596066233441716,0.36940470074570136
23313,VINTAGE CHRISTMAS BUNTING,12994.77,0.0014582173928058139,0.3708629181385072
23108,SET OF 10 LED DOLLY LIGHTS,12985.23,0.0014571468548949952,0.3723200649934022
82583,HOT BATHS METAL SIGN,12832.140000000001,0.0014399677512506336,0.37376003274465286
84978,HANGING HEART JAR T-LIGHT HOLDER,12674.720000000001,0.0014223027535649885,0.37518233549821783
22752,SET 7 BABUSHKA NESTING BOXES,12665.29,0.0014212445593827013,0.37660358005760053
22558,CLOTHES PEGS RETROSPOT PACK 24 ,12545.38,0.0014077887731262808,0.37801136883072683
23301,GARDENERS KNEELING PAD KEEP CALM ,12493.48,0.0014019647775737145,0.37941333360830054
22507,MEMO BOARD RETROSPOT  DESIGN,12411.02,0.0013927114698036834,0.3808060450781042
22171,3 HOOK PHOTO SHELF ANTIQUE WHITE,12294.380000000001,0.0013796226289317889,0.382185667707036
22188,BLACK HEART CARD HOLDER,12261.9,0.001375977862543593,0.3835616455695796
22866,HAND WARMER SCOTTY DOG DESIGN,12248.760000000002,0.0013745033480626547,0.3849361489176423
20750,RED RETROSPOT MINI CASES,12216.8,0.0013709169338456983,0.386307065851488
22113,GREY HEART HOT WATER BOTTLE,12191.15,0.0013680386007835917,0.3876751044522716
22551,PLASTERS IN TIN SPACEBOY,12151.8,0.00136362291244075,0.38903872736471234
22941,CHRISTMAS LIGHTS 10 REINDEER,12150.0,0.00136342092415569,0.39040214828886804
20749,ASSORTED COLOUR MINI CASES,12123.41,0.0013604371083224967,0.39176258539719055
21524,DOORMAT SPOTTY HOME SWEET HOME,12095.67,0.0013573242444182927,0.39311990964160887
22867,HAND WARMER BIRD DESIGN,12081.430000000002,0.0013557262926520396,0.3944756359342609
22083,PAPER CHAIN KIT RETROSPOT,12043.210000000001,0.00135143740806593,0.3958270733423268
23207,LUNCH BAG ALPHABET DESIGN,12029.06,0.0013498495557139297,0.39717692289804074
22379,RECYCLING BAG RETROSPOT ,11942.43,0.0013401283084168427,0.3985170512064576
DOT,DOTCOM POSTAGE,11906.36,0.0013360806876156661,0.39985313189407323
22625,RED KITCHEN SCALES,11895.73,0.0013348878345766722,0.4011880197286499
22568,FELTCRAFT CUSHION OWL,11783.05,0.0013222433679319096,0.40251026309658183
22273,FELTCRAFT DOLL MOLLY,11762.99,0.001319992320710629,0.40383025541729245
47590B,PINK HAPPY BIRTHDAY BUNTING,11688.150000000001,0.0013115940966806857,0.40514184951397314
23077,DOUGHNUT LIP GLOSS ,11640.7,0.0013062694610550736,0.4064481189750282
22554,PLASTERS IN TIN WOODLAND ANIMALS,11637.429999999998,0.0013059025156705473,0.4077540214906987
21977,PACK OF 60 PINK PAISLEY CAKE CASES,11629.7,0.0013050350882019284,0.4090590565789007
20971,PINK BLUE FELT CRAFT TRINKET BOX,11629.39,0.0013050003013306123,0.4103640568802313
22607,WOODEN ROUNDERS GARDEN SET ,11601.14,0.001301830207412308,0.4116658870876436
22191,IVORY DINER WALL CLOCK,11587.2,0.0013002659203602315,0.4129661530080039
23174,REGENCY SUGAR BOWL GREEN,11575.54,0.0012989574851358977,0.4142651104931398
22149,FELTCRAFT 6 FLOWER FRIENDS,11566.390000000001,0.001297930711353509,0.41556304120449333
48188,DOORMAT WELCOME PUPPIES,11544.2,0.0012954406446615736,0.4168584818491549
21755,LOVE BUILDING BLOCK WORD,11535.560000000001,0.0012944711008932852,0.4181529529500482
22427,ENAMEL FLOWER JUG CREAM,11444.93,0.0012843009907405089,0.4194372539407887
82486,WOOD S/3 CABINET ANT WHITE FINISH,11394.9,0.0012786868385729771,0.42071594077936164
22193,RED DINER WALL CLOCK,11074.390000000001,0.0012427205801037477,0.4219586613594654
21232,STRAWBERRY CERAMIC TRINKET BOX,10895.52,0.0012226485553544695,0.4231813099148199
21930,JUMBO STORAGE BAG SKULLS,10890.79,0.0012221177750276172,0.4244034276898475
22501,PICNIC BASKET WICKER LARGE,10818.9,0.0012140505873537444,0.42561747827720126
22570,FELTCRAFT CUSHION RABBIT,10694.81,0.0012001257394131288,0.4268176040166144
22413,METAL SIGN TAKE IT OR LEAVE IT ,10647.300000000001,0.0011947943708446815,0.4280123983874591
21790,VINTAGE SNAP CARDS,10447.42,0.0011723646939458964,0.42918476308140496
47566B,TEA TIME PARTY BUNTING,10445.25,0.001172121185846685,0.43035688426725166
21936,RED RETROSPOT PICNIC BAG,10371.66,0.0011638632314591444,0.4315207474987108
23209,LUNCH BAG VINTAGE DOILY ,10370.76,0.0011637622373166143,0.4326845097360274
22662,LUNCH BAG DOLLY GIRL DESIGN,10360.69,0.001162632225077417,0.4338471419611048
23209,LUNCH BAG DOILEY PATTERN ,10331.3,0.001159334205245241,0.43500647616635
22730,ALARM CLOCK BAKELIKE IVORY,10285.61,0.0011542070692761323,0.4361606832356262
22087,PAPER BUNTING WHITE LACE,10264.050000000001,0.0011517876984839682,0.43731247093411013
85014B,RED RETROSPOT UMBRELLA,10247.470000000001,0.0011499271619471367,0.43846239809605725
21479,WHITE SKULL HOT WATER BOTTLE ,10227.72,0.0011477109015971714,0.4396101089976544
22617,BAKING SET SPACEBOY DESIGN,10210.890000000001,0.0011458223111318598,0.44075593130878626
23170,REGENCY TEA PLATE ROSES ,10190.789999999999,0.0011435667752820217,0.4418994980840683
21340,CLASSIC METAL BIRDCAGE PLANT HOLDER,10161.41,0.0011402698776069853,0.44303976796167527
22988,SOLDIERS EGG CUP ,10150.220000000001,0.0011390141837681951,0.4441787821454435
20724,RED RETROSPOT CHARLOTTE BAG,10125.85,0.001136279486819909,0.4453150616322634
47590A,BLUE HAPPY BIRTHDAY BUNTING,10107.52,0.0011342225727837137,0.44644928420504715
21891,TRADITIONAL WOODEN SKIPPING ROPE,10019.47,0.0011243419791728568,0.44757362618422003
23208,LUNCH BAG VINTAGE LEAF DESIGN,10006.45,0.0011228809305775889,0.44869650711479764
23300,GARDENERS KNEELING PAD CUP OF TEA ,9963.39,0.0011180489219360956,0.44981455603673376
22499,WOODEN UNION JACK BUNTING,9928.83,0.0011141707468629415,0.4509287267835967
84997C,CHILDRENS CUTLERY POLKADOT BLUE,9831.4,0.001103237569855494,0.45203196435345216
48173C,DOORMAT BLACK FLOCK ,9822.2,0.001102205185287409,0.4531341695387396
23343,JUMBO BAG VINTAGE CHRISTMAS ,9748.34,0.0010939169326571094,0.4542280864713967
23076,ICE CREAM SUNDAE LIP GLOSS,9668.16,0.0010849194767148212,0.45531300594811147
22970,LONDON BUS COFFEE MUG,9666.3,0.0010847107554869256,0.4563977167035984
21080,SET/20 RED RETROSPOT PAPER NAPKINS ,9656.789999999999,0.0010836435840475248,0.4574813602876459
22569,FELTCRAFT CUSHION BUTTERFLY,9655.48,0.0010834965814622865,0.4585648568691082
22690,DOORMAT HOME SWEET HOME BLUE ,9635.89,0.0010812982756265492,0.4596461551447347
84997B,CHILDRENS CUTLERY RETROSPOT RED ,9603.68,0.0010776838074811126,0.46072383895221586
84755,COLOUR GLASS T-LIGHT HOLDER HANGING,9597.710000000001,0.0010770138796689966,0.4618008528318849
22846,BREAD BIN DINER STYLE RED ,9597.31,0.0010769689933834276,0.4628778218252683
22556,PLASTERS IN TIN CIRCUS PARADE ,9596.96,0.0010769297178835548,0.46395475154315186
82600,NO SINGING METAL SIGN,9573.6,0.0010743083588063305,0.4650290599019582
22605,WOODEN CROQUET GARDEN SET,9555.98,0.0010723311179270199,0.46610139101988524
22633,HAND WARMER UNION JACK,9550.560000000001,0.0010717229087575612,0.4671731139286428
22692,DOORMAT WELCOME TO OUR HOME,9468.08,0.0010624673566732516,0.46823558128531606
22555,PLASTERS IN TIN STRONGMAN,9462.289999999999,0.0010618176276896414,0.4692973989130057
21430,SET/3 RED GINGHAM ROSE STORAGE BOX,9424.32,0.0010575567970320125,0.4703549557100377
85048,15CM CHRISTMAS GLASS BALL 20 LIGHTS,9374.7,0.0010519886533071892,0.4714069443633449
22766,PHOTO FRAME CORNICE,9365.78,0.0010509876891390026,0.47245793205248393
84947,ANTIQUE SILVER TEA GLASS ENGRAVED,9339.34,0.0010480207056628975,0.47350595275814683
84029G,KNITTED UNION FLAG HOT WATER BOTTLE,9329.17,0.0010468794718523078,0.4745528322299991
22560,TRADITIONAL MODELLING CLAY,9311.47,0.0010448932537158835,0.475597725483715
22621,TRADITIONAL KNITTING NANCY,9297.869999999999,0.0010433671200065404,0.4766410926037215
23240,SET OF 4 KNICK KNACK TINS DOILY ,9270.5,0.0010402957759164876,0.477681388379638
21914,BLUE HARMONICA IN BOX ,9222.63,0.0010349240096910281,0.478716312389329
21481,FAWN BLUE HOT WATER BOTTLE,9218.550000000001,0.0010344661695782253,0.47975077855890724
21217,RED RETROSPOT ROUND CAKE TINS,9188.25,0.0010310660334463802,0.4807818445923536
23171,REGENCY TEA PLATE GREEN ,9184.9,0.0010306901108047405,0.4818125347031584
22978,PANTRY ROLLING PIN,9184.279999999999,0.0010306205370621086,0.4828431552402205
22561,WOODEN SCHOOL COLOURING SET,9072.869999999999,0.0010181185843740276,0.4838612738245945
20679,EDWARDIAN PARASOL RED,9055.87,0.001016210917237349,0.48487748474183184
23175,REGENCY MILK JUG PINK ,9008.0,0.0010108391510118893,0.48588832389284375
22992,REVOLVER WOODEN RULER ,8950.289999999999,0.0010043631821614347,0.4868926870750052
22838,3 TIER CAKE TIN RED AND CREAM,8737.78,0.0009805162207958112,0.48787320329580103
21559,STRAWBERRY LUNCH BOX WITH CUTLERY,8734.64,0.0009801638634540952,0.48885336715925515
85150,LADIES & GENTLEMEN METAL SIGN,8699.13,0.000976179083452715,0.48982954624270786
84375,SET OF 20 KIDS COOKIE CUTTERS,8697.27,0.0009759703622248197,0.49080551660493266
20972,PINK CREAM FELT CRAFT TRINKET BOX ,8648.49,0.0009704964796996908,0.49177601308463237
22966,GINGERBREAD MAN COOKIE CUTTER,8625.130000000001,0.0009678751206224665,0.49274388820525483
84991,60 TEATIME FAIRY CAKE CASES,8618.37,0.000967116542396352,0.49371100474765117
22619,SET OF 6 SOLDIER SKITTLES,8597.5,0.0009647746004467939,0.494675779348098
82582,AREA PATROLLED METAL SIGN,8552.220000000001,0.0009596934729203932,0.4956354728210184
23582,VINTAGE DOILY JUMBO BAG RED ,8535.26,0.0009577902944122713,0.49659326311543067
21791,VINTAGE HEADS AND TAILS CARD GAME ,8531.41,0.0009573582639136704,0.49755062137934436
23581,JUMBO BAG PAISLEY PARK,8529.24,0.0009571147558144591,0.4985077361351588
22632,HAND WARMER RED RETROSPOT,8526.12,0.0009567646427870217,0.49946450077794585
22424,ENAMEL BREAD BIN CREAM,8519.0,0.000955965666903895,0.5004204664448497
22041,"RECORD FRAME 7"" SINGLE SIZE ",8450.82,0.000948314799528674,0.5013687812443784
22169,FAMILY ALBUM WHITE PICTURE FRAME,8416.64,0.0009444792664268104,0.5023132605108053
22791,T-LIGHT GLASS FLUTED ANTIQUE,8378.890000000001,0.0009402431232262446,0.5032535036340315
22776,SWEETHEART CAKESTAND 3 TIER,8376.6,0.0009399861492413625,0.5041934897832729
21174,POTTERING IN THE SHED METAL SIGN,8372.7,0.0009395485079570656,0.50513303829123
21216,"SET 3 RETROSPOT TEA,COFFEE,SUGAR",8354.87,0.0009375477017778314,0.5060705859930078
23318,BOX OF 6 MINI VINTAGE CRACKERS,8350.41,0.0009370472196937379,0.5070076332127016
22989,SET 2 PANTRY DESIGN TEA TOWELS,8323.17,0.0009339904636464951,0.5079416236763481
22147,FELTCRAFT BUTTERFLY HEARTS,8314.55,0.000933023164192485,0.5088746468405406
22759,SET OF 3 NOTEBOOKS IN PARCEL,8283.75,0.0009295669202036788,0.5098042137607443
84945,MULTI COLOUR SILVER T-LIGHT HOLDER,8269.45,0.0009279622354945904,0.5107321759962389
23319,BOX OF 6 MINI 50'S CRACKERS,8216.79,0.0009220529559994432,0.5116542289522383
23322,LARGE WHITE HEART OF WICKER,8184.700000000001,0.0009184519537396772,0.512572680905978
71459,HANGING JAM JAR T-LIGHT HOLDER,8164.12,0.0009161425543471566,0.5134888234603251
22158,3 HEARTS HANGING DECORATION RUSTIC,8161.21,0.0009158160066196427,0.5144046394669447
23082,SET 6 PAPER TABLE LANTERN HEARTS ,8129.43,0.0009122497912311927,0.5153168892581759
22655,VINTAGE RED KITCHEN CABINET,8125.0,0.000911752675618517,0.5162286419337944
23078,ICE CREAM PEN LIP GLOSS ,8077.31,0.0009064011082215636,0.517135043042016
22749,FELTCRAFT PRINCESS CHARLOTTE DOLL,8071.51,0.0009057502570808143,0.5180407932990968
48116,DOORMAT MULTICOLOUR STRIPE,8053.22,0.0009036978316731758,0.51894449113077
22734,SET OF 6 RIBBONS VINTAGE CHRISTMAS,8051.83,0.0009035418518308239,0.5198480329826008
22729,ALARM CLOCK BAKELIKE ORANGE,7995.63,0.0008972353287083918,0.5207452683113093
23256,CHILDRENS CUTLERY SPACEBOY ,7974.38,0.0008948507447875434,0.5216401190560969
23080,RED METAL BOX TOP SECRET,7962.03,0.0008934648807206032,0.5225335839368175
22667,RECIPE BOX RETROSPOT ,7952.900000000001,0.0008924403512524929,0.52342602428807
21210,SET OF 72 RETROSPOT PAPER  DOILIES,7947.37,0.0008918197983545026,0.5243178440864245
21121,SET/10 RED POLKADOT PARTY CANDLES,7799.18,0.0008751905517083601,0.5251930346381328
22652,TRAVEL SEWING KIT,7787.36,0.0008738641619697987,0.5260668988001026
72741,GRAND CHOCOLATECANDLE,7785.049999999999,0.0008736049436706382,0.5269405037437732
22502,PICNIC BASKET WICKER SMALL,7746.700000000001,0.0008693014710417189,0.5278098052148149
84378,SET OF 3 HEART COOKIE CUTTERS,7741.84,0.0008687561026720567,0.5286785613174869
22940,FELTCRAFT CHRISTMAS FAIRY,7722.68,0.0008666060495933057,0.5295451673670802
20711,JUMBO BAG TOYS ,7689.28,0.0008628580447483016,0.5304080254118285
35970,ZINC FOLKART SLEIGH BELLS,7665.110000000001,0.0008601457909428002,0.5312681712027714
23439,HAND WARMER RED LOVE HEART,7660.200000000001,0.0008595948117874418,0.5321277660145588
22768,FAMILY PHOTO FRAME CORNICE,7646.839999999999,0.0008580956098494401,0.5329858616244082
22192,BLUE DINER WALL CLOCK,7528.93,0.0008448642550208642,0.533830725879429
23328,SET 6 SCHOOL MILK BOTTLES IN CRATE,7510.29,0.0008427725541133528,0.5346734984335424
21136,PAINTED METAL PEARS ASSORTED,7491.4,0.000840652799277361,0.5355141512328198
22952,60 CAKE CASES VINTAGE CHRISTMAS,7417.85,0.0008323993335183775,0.5363465505663382
21314,SMALL GLASS HEART TRINKET POT,7412.56,0.0008318057123917286,0.5371783562787299
22557,PLASTERS IN TIN VINTAGE PAISLEY ,7346.69,0.000824414063315668,0.5380027703420456
21770,OPEN CLOSED METAL SIGN,7311.360000000001,0.000820449482142794,0.5388232198241883
20719,WOODLAND CHARLOTTE BAG,7277.24,0.0008166206819837658,0.5396398405061721
22616,PACK OF 12 LONDON TISSUES ,7266.71,0.0008154390505161642,0.5404552795566883
21889,WOODEN BOX OF DOMINOES,7215.95,0.0008097429808774693,0.5412650225375657
22900, SET 2 TEA TOWELS I LOVE LONDON ,7208.95,0.0008089574708800133,0.5420739800084458
21908,CHOCOLATE THIS WAY METAL SIGN,7208.52,0.0008089092181230268,0.5428828892265688
84949,SILVER HANGING T-LIGHT HOLDER,7193.249999999999,0.0008071956841714334,0.5436900849107402
23238,SET OF 4 KNICK KNACK TINS LONDON ,7170.6,0.000804653998251094,0.5444947389089914
22750,FELTCRAFT PRINCESS LOLA DOLL,7166.94,0.0008042432887381384,0.5452989821977295
22585,PACK OF 6 BIRDY GIFT TAGS,7149.7,0.0008023086898301183,0.5461012908875597
22355,CHARLOTTE BAG SUKI DESIGN,7138.65,0.0008010687061912771,0.5469023595937509
23240,SET OF 4 KNICK KNACK TINS DOILEY ,7136.85,0.000800866717906217,0.5477032263116571
22144,CHRISTMAS CRAFT LITTLE FRIENDS,7128.1,0.0007998848304093971,0.5485031111420665
84406B,CREAM CUPID HEARTS COAT HANGER,7125.38,0.0007995796036675285,0.549302690745734
84836,ZINC METAL HEART DECORATION,7108.68,0.0007977056012450264,0.550100396346979
22795,SWEETHEART RECIPE BOOK STAND,7084.650000000001,0.0007950090576394741,0.5508954054046186
21218,RED SPOTTY BISCUIT TIN,7071.2,0.0007934997562872194,0.5516889051609057
23007, SPACEBOY BABY GIFT SET,7065.499999999999,0.0007928601267178623,0.5524817652876236
22741,FUNKY DIVA PEN,7010.94,0.0007867376373662629,0.5532685029249899
22950,36 DOILIES VINTAGE CHRISTMAS,7006.25,0.0007862113456679673,0.5540547142706578
21787,RAIN PONCHO RETROSPOT,6964.63,0.0007815409276545222,0.5548362551983123
23215,JINGLE BELL HEART ANTIQUE SILVER,6962.04,0.0007812502889554634,0.5556175054872677
22767,TRIPLE PHOTO FRAME CORNICE ,6932.83,0.0007779724679517937,0.5563954779552195
23320,GIANT 50'S CHRISTMAS CRACKER,6926.110000000001,0.0007772183783542361,0.5571726963335737
22771,CLEAR DRAWER KNOB ACRYLIC EDWARDIAN,6923.17,0.0007768884641553045,0.557949584797729
21231,SWEETHEART CERAMIC TRINKET BOX,6875.860000000001,0.0007715795387296415,0.5587211643364587
21213,PACK OF 72 SKULL CAKE CASES,6859.31,0.0007697223686642278,0.5594908867051229
22456,NATURAL SLATE CHALKBOARD LARGE ,6833.200000000001,0.000766792416373717,0.5602576791214966
23321,SMALL WHITE HEART OF WICKER,6832.829999999999,0.0007667508965595656,0.5610244300180561
84970S,HANGING HEART ZINC T-LIGHT HOLDER,6830.589999999999,0.0007664995333603798,0.5617909295514165
22991,GIRAFFE WOODEN RULER,6820.74,0.0007653942085782454,0.5625563237599948
21035,SET/2 RED RETROSPOT TEA TOWELS ,6820.01,0.0007653122911070821,0.5633216360511019
22844,VINTAGE CREAM DOG FOOD CONTAINER,6779.35,0.0007607496001790023,0.5640823856512809
22487,WHITE WOOD GARDEN PLANT LADDER,6778.8099999999995,0.0007606890036934842,0.5648430746549744
21169,YOU'RE CONFUSING ME METAL SIGN ,6762.57,0.0007588666204993864,0.5656019412754738
22333,RETROSPOT PARTY BAG + STICKER SET,6749.23,0.0007573696628756631,0.5663593109383495
23493,VINTAGE DOILY TRAVEL SEWING KIT,6747.9,0.0007572204159761465,0.5671165313543256
23083,SET 6 PAPER TABLE LANTERN STARS ,6739.63,0.0007562923920220094,0.5678728237463476
20969,RED FLORAL FELTCRAFT SHOULDER BAG,6734.31,0.0007556954044239428,0.5686285191507716
84380,SET OF 3 BUTTERFLY COOKIE CUTTERS,6718.9,0.0007539661602724005,0.569382485311044
22352,LUNCH BOX WITH CUTLERY RETROSPOT ,6717.79,0.0007538416008299468,0.5701363269118739
48111,DOORMAT 3 SMILEY CATS,6715.25,0.0007535565729165841,0.5708898834847904
21877,HOME SWEET HOME MUG,6708.11,0.0007527553527191791,0.5716426388375095
C2,CARRIAGE,6686.0,0.0007502742632843575,0.5723929131007939
22634,CHILDS BREAKFAST SET SPACEBOY ,6681.849999999999,0.00074980856807158,0.5731427216688655
23297,SET 40 HEART SHAPE PETIT FOUR CASES,6677.0,0.000749264321859057,0.5738919859907246
22294,HEART FILIGREE DOVE  SMALL,6671.07,0.0007485988826754979,0.5746405848734001
21955,DOORMAT UNION JACK GUNS AND ROSES,6635.61,0.0007446197134598139,0.5753852045868599
22840,ROUND CAKE TIN VINTAGE RED,6600.7300000000005,0.0007407056293582048,0.5761259102162182
22627,MINT KITCHEN SCALES,6599.79,0.0007406001465871179,0.5768665103628053
84997A,CHILDRENS CUTLERY POLKADOT GREEN ,6599.06,0.0007405182291159546,0.5776070285919213
22968,ROSE COTTAGE KEEPSAKE BOX ,6574.95,0.0007378127082532884,0.5783448413001745
22725,ALARM CLOCK BAKELIKE CHOCOLATE,6574.26,0.0007377352794106821,0.5790825765795852
22367,CHILDRENS APRON SPACEBOY DESIGN,6572.49,0.0007375366575970397,0.5798201132371822
23008,DOLLY GIRL BABY GIFT SET,6567.95,0.0007370271982558324,0.580557140435438
23254,CHILDRENS CUTLERY DOLLY GIRL ,6554.6,0.0007355291184749701,0.581292669553913
22909,SET OF 20 VINTAGE CHRISTMAS NAPKINS,6530.259999999999,0.0007327977879981018,0.5820254673419111
22553,PLASTERS IN TIN SKULLS,6505.799999999999,0.0007300529916355627,0.5827555203335466
23293,SET OF 12 FAIRY CAKE BAKING CASES,6469.45,0.0007259739504344879,0.5834814942839811
21259,VICTORIAN SEWING BOX SMALL ,6432.110000000001,0.0007217838156766301,0.5842032780996578
23134,LARGE ZINC HEART WALL ORGANISER,6414.48,0.0007198054526401802,0.5849230835522979
21165,BEWARE OF THE CAT METAL SIGN ,6405.3099999999995,0.000718776434543513,0.5856418599868415
22170,PICTURE FRAME WOOD TRIPLE PORTRAIT,6378.150000000001,0.000715728655753384,0.5863575886425949
85014A,BLACK/BLUE POLKADOT UMBRELLA,6367.9400000000005,0.0007145829333142375,0.5870721715759092
21122,SET/10 PINK POLKADOT PARTY CANDLES,6353.58,0.0007129715156623135,0.5877851430915715
22637,PIGGY BANK RETROSPOT ,6308.57,0.0007079206863786717,0.5884930637779502
22505,MEMO BOARD COTTAGE DESIGN,6306.1900000000005,0.0007076536129795367,0.5892007173909297
21669,BLUE STRIPE CERAMIC DRAWER KNOB,6284.25,0.0007051916002160819,0.5899059089911458
84992,72 SWEETHEART FAIRY CAKE CASES,6274.900000000001,0.0007041423832909087,0.5906100513744367
22173,METAL 4 HOOK HANGER FRENCH CHATEAU,6273.29,0.0007039617159914938,0.5913140130904282
21533,RETROSPOT LARGE MILK JUG,6267.150000000001,0.000703272711508011,0.5920172858019362
23553,LANDMARK FRAME CAMDEN TOWN ,6257.35,0.0007021729975115726,0.5927194587994478
22381,TOY TIDY PINK POLKADOT,6229.58,0.0006990567671359509,0.5934185155665838
21668,RED STRIPE CERAMIC DRAWER KNOB,6224.03,0.0006984339699236822,0.5941169495365074
22826,LOVE SEAT ANTIQUE WHITE METAL,6210.0,0.0006968595834573527,0.5948138091199647
82486,3 DRAWER ANTIQUE WHITE WOOD CABINET,6195.73,0.0006952582652196818,0.5955090673851844
23382,BOX OF 6 CHRISTMAS CAKE DECORATIONS,6155.04,0.0006906922078201843,0.5961997595930045
21871,SAVE THE PLANET MUG,6151.78,0.0006903263845927976,0.5968900859775973
22834,HAND WARMER BABUSHKA DESIGN,6149.33,0.000690051456093688,0.597580137433691
23229,VINTAGE DONKEY TAIL GAME ,6146.89,0.0006897776497517177,0.5982699150834427
23480,MINI LIGHTS WOODLAND MUSHROOMS,6126.09,0.0006874435629021343,0.5989573586463449
22303,COFFEE MUG APPLES DESIGN,6124.15,0.000687225864417125,0.5996445845107621
22631,CIRCUS PARADE LUNCH BOX ,6122.629999999999,0.000687055296531963,0.6003316398072941
75049L,LARGE CIRCULAR MIRROR MOBILE,6107.049999999999,0.000685306975709054,0.6010169467830031
23541,WALL ART CLASSIC PUDDINGS ,6093.49,0.0006837853306282679,0.6017007321136314
21326,AGED GLASS SILVER T-LIGHT HOLDER,6083.200000000001,0.0006826306309320079,0.6023833627445634
23103,JINGLE BELL HEART DECORATION,6069.15,0.0006810540001513997,0.6030644167447148
22635,CHILDS BREAKFAST SET DOLLY GIRL ,6063.0,0.0006803638735107777,0.6037447806182256
47556B,TEA TIME TEA TOWELS ,6045.0,0.0006783439906601767,0.6044231246088857
22663,JUMBO BAG DOLLY GIRL DESIGN,6008.41,0.0006742380176877605,0.6050973626265734
23307,SET OF 60 PANTRY DESIGN CAKE CASES ,5982.09,0.0006712845000973261,0.6057686471266708
17003,BROCADE RING PURSE ,5980.05,0.0006710555800409246,0.6064397027067117
22654,DELUXE SEWING KIT ,5974.62,0.0006704462487143267,0.607110148955426
22943,CHRISTMAS LIGHTS 10 VINTAGE BAUBLES,5968.9800000000005,0.0006698133520878051,0.6077799623075139
22620,4 TRADITIONAL SPINNING TOPS,5960.08,0.0006688146322338967,0.6084487769397477
22508,DOORSTOP RETROSPOT HEART,5938.21,0.0006663604745704164,0.6091151374143182
21975,PACK OF 60 DINOSAUR CAKE CASES,5934.68,0.0006659643531002709,0.6097811017674185
22151,PLACE SETTING WHITE HEART,5922.2699999999995,0.0006645717560904953,0.610445673523509
22783,SET 3 WICKER OVAL BASKETS W LIDS,5922.12,0.000664554923733407,0.6111102284472424
21380,WOODEN HAPPY BIRTHDAY GARLAND,5910.150000000001,0.0006632117016377574,0.6117734401488801
21155,RED RETROSPOT PEG BAG,5880.049999999999,0.0006598340086486967,0.6124332741575288
22900,SET 2 TEA TOWELS I LOVE LONDON ,5859.25,0.0006574999217991134,0.6130907740793279
22895,SET OF 2 TEA TOWELS APPLE AND PEARS,5855.24,0.000657049936786285,0.6137478240161142
22356,CHARLOTTE BAG PINK POLKADOT,5840.64,0.0006554115873630197,0.6144032356034772
21535,RED RETROSPOT SMALL MILK JUG,5830.2,0.0006542400553096711,0.6150574756587869
47591D,PINK FAIRY CAKE CHILDRENS APRON,5823.36,0.0006534724998264427,0.6157109481586133
21484,CHICK GREY HOT WATER BOTTLE,5810.37,0.0006520148177025923,0.6163629629763159
22979,PANTRY WASHING UP BRUSH,5795.86,0.0006503865676935801,0.6170133495440094
23247,BISCUIT TIN 50'S CHRISTMAS,5795.2,0.0006503125053223914,0.6176636620493319
23172,REGENCY TEA PLATE PINK,5793.28,0.0006500970511516606,0.6183137591004836
22779,WOODEN OWLS LIGHT GARLAND ,5781.35,0.0006487583176845678,0.6189625174181681
22804,CANDLEHOLDER PINK HANGING HEART,5771.780000000001,0.0006476844133023316,0.6196102018314704
84030E,ENGLISH ROSE HOT WATER BOTTLE,5767.91,0.0006472501384894524,0.6202574519699598
21888,BINGO SET,5725.71,0.0006425146353619322,0.6208999666053218
22784,LANTERN CREAM GAZEBO ,5721.42,0.0006420332299492056,0.6215419998352709
23485,BOTANICAL GARDENS WALL CLOCK ,5719.0,0.0006417616679215137,0.6221837615031924
71053,WHITE METAL LANTERN,5713.03,0.0006410917401093977,0.6228248532433018
23113,PANTRY CHOPPING BOARD,5695.86,0.0006391649963013522,0.6234640182396032
62018,SOMBRERO ,5691.5,0.000638675735788651,0.6241026939753919
23296,SET OF 6 TEA TIME BAKING CASES,5687.150000000001,0.0006381875974330891,0.6247408815728249
21922,UNION STRIPE WITH FRINGE  HAMMOCK,5682.09,0.0006376197859206424,0.6253785013587456
84970L,SINGLE HEART ZINC T-LIGHT HOLDER,5664.78,0.0006356773319126477,0.6260141786906582
22485,SET OF 2 WOODEN MARKET CRATES,5652.9,0.000634344209231251,0.6266485228998895
48129,DOORMAT TOPIARY,5644.46,0.0006333971086057471,0.6272819200084953
23204,CHARLOTTE BAG APPLES DESIGN,5632.15,0.0006320157331673637,0.6279139357416627
21672,WHITE SPOT RED CERAMIC DRAWER KNOB,5618.04,0.0006304323694439204,0.6285443681111066
22971,QUEENS GUARD COFFEE MUG,5603.57,0.000628808608063465,0.6291731767191701
21156,RETROSPOT CHILDRENS APRON,5587.87,0.0006270468213548853,0.6298002235405249
84988,SET OF 72 PINK HEART PAPER DOILIES,5566.679999999999,0.000624668970376872,0.6304248925109017
23311,VINTAGE CHRISTMAS STOCKING ,5564.25,0.000624396286192041,0.6310492887970938
84997B,RED 3 PIECE RETROSPOT CUTLERY SET,5555.13,0.0006233728788810699,0.6316726616759748
23312,VINTAGE CHRISTMAS GIFT SACK,5527.150000000001,0.0006202330832055246,0.6322928947591804
21912,VINTAGE SNAKES & LADDERS,5523.53,0.0006198268623211258,0.6329127216215015
20723,STRAWBERRY CHARLOTTE BAG,5520.95,0.0006195373457792063,0.6335322589672807
21094,SET/6 RED SPOTTY PAPER PLATES,5496.53,0.0006167970380452243,0.6341490560053259
22150,3 STRIPEY MICE FELTCRAFT,5478.05,0.0006147232916519406,0.6347637792969778
22740,POLKADOT PEN,5475.25,0.0006144090876529582,0.6353781883846308
22668,PINK BABY BUNTING,5448.11,0.0006113635531771075,0.6359895519378079
22751,FELTCRAFT PRINCESS OLIVIA DOLL,5446.1,0.0006111379995921238,0.6366006899374
22827,RUSTIC  SEVENTEEN DRAWER SIDEBOARD,5415.0,0.0006076480908891409,0.6372083380282891
23118,PARISIENNE JEWELLERY DRAWER ,5399.02,0.0006058548837806629,0.6378141929120698
23135,SMALL ZINC HEART WALL ORGANISER,5378.8,0.0006035858820451544,0.6384177787941149
22796,PHOTO FRAME 3 CLASSIC HANGING,5377.45,0.0006034343908313593,0.6390212131849462
23169,CLASSIC GLASS COOKIE JAR,5358.5,0.0006013079030525321,0.6396225210879988
23531,WALL ART BIG LOVE ,5340.21,0.0005992554776448936,0.6402217765656437
22946,WOODEN ADVENT CALENDAR CREAM,5340.0,0.00059923191234497,0.6408210084779887
23583,LUNCH BAG PAISLEY PARK  ,5267.75,0.0005911243270140854,0.6414121328050029
22349,DOG BOWL CHASING BALL DESIGN,5227.929999999999,0.0005866558972857001,0.6419987887022885
23192,BUNDLE OF 3 ALPHABET EXERCISE BOOKS,5225.219999999999,0.0005863517927009707,0.6425851404949895
22418,10 COLOUR SPACEBOY PEN,5209.17,0.0005845507304925182,0.6431696912254821
23133,LARGE IVORY HEART WALL ORGANISER,5142.91,0.000577115317288028,0.6437468065427701
23158,SET OF 5 LUCKY CAT MAGNETS ,5121.4800000000005,0.0005747105345386736,0.6443215170773088
20718,RED RETROSPOT SHOPPER BAG,5115.31,0.0005740181635837732,0.6448955352408926
37449,CERAMIC CAKE STAND + HANGING CAKES,5084.78,0.0005705922178377259,0.6454661274587303
22904,CALENDAR PAPER CUT DESIGN,5072.64,0.0005692299190707095,0.646035357377801
23132,SMALL IVORY HEART WALL ORGANISER,5069.58,0.0005688865389861073,0.6466042439167872
23157,SET OF 6 NATIVITY MAGNETS ,5058.59,0.0005676532882901014,0.6471718972050773
22947,WOODEN ADVENT CALENDAR RED,5047.6,0.0005664200375940956,0.6477383172426714
20676,RED RETROSPOT BOWL,5046.9800000000005,0.0005663504638514638,0.6483046677065228
21671,RED SPOT CERAMIC DRAWER KNOB,5042.4,0.0005658365158816997,0.6488705042224046
23177,TREASURE ISLAND BOOK BOX,5036.55,0.0005651800539552544,0.6494356842763598
22964,3 PIECE SPACEBOY COOKIE CUTTER SET,5034.64,0.0005649657219416629,0.6500006499983014
22623,BOX OF VINTAGE JIGSAW BLOCKS ,5031.570000000001,0.0005646212196999215,0.6505652712180013
21670,BLUE SPOT CERAMIC DRAWER KNOB,5028.5199999999995,0.0005642789617724584,0.6511295501797738
22141,CHRISTMAS CRAFT TREE TOP ANGEL,5025.580000000001,0.000563949047573527,0.6516934992273473
22780,LIGHT GARLAND BUTTERFILES PINK,5018.84,0.0005631927136616908,0.652256691941009
21258,VICTORIAN SEWING BOX LARGE,5014.23,0.0005626753992205091,0.6528193673402295
84997D,PINK 3 PIECE POLKADOT CUTLERY SET,5010.400000000001,0.0005622456130361869,0.6533816129532657
22109,FULL ENGLISH BREAKFAST PLATE,4993.05,0.0005602986703996353,0.6539419116236653
22296,HEART IVORY TRELLIS LARGE,4988.829999999999,0.0005598251200868832,0.6545017367437522
23154,SET OF 4 JAM JAR MAGNETS,4986.49,0.0005595625353163051,0.6550612992790685
22584,PACK OF 6 PANNETONE GIFT BOXES,4982.68,0.0005591349934462612,0.6556204342725148
21844,RED RETROSPOT MUG,4972.1,0.0005579477511929636,0.6561783820237078
22907,PACK OF 20 NAPKINS PANTRY DESIGN,4966.32,0.0005572991443664928,0.6567356811680743
21673,WHITE SPOT BLUE CERAMIC DRAWER KNOB,4960.5,0.0005566460489114651,0.6572923272169858
22302,COFFEE MUG PEARS  DESIGN,4959.85,0.0005565731086974156,0.6578489003256832
22839,3 TIER CAKE TIN GREEN AND CREAM,4954.5599999999995,0.0005559794875707667,0.658404879813254
22429,ENAMEL MEASURING JUG CREAM,4954.29,0.0005559491893280077,0.658960829002582
23556,LANDMARK FRAME COVENT GARDEN ,4949.55,0.0005554172868440161,0.6595162462894261
23310,BUBBLEGUM RING ASSORTED,4894.83,0.000549276842978189,0.6600655231324043
22366,DOORMAT AIRMAIL ,4887.82,0.0005484902108235938,0.6606140133432279
22957,SET 3 PAPER VINTAGE CHICK PAPER EGG,4881.150000000001,0.0005477417320117323,0.6611617550752397
22365,DOORMAT RESPECTABLE HOUSE,4873.44,0.0005468765488573915,0.6617086316240971
84212,"ASSORTED FLOWER COLOUR ""LEIS""",4871.45,0.0005466532395866861,0.6622552848636838
23543,WALL ART KEEP CALM ,4861.75,0.00054556474716164,0.6628008496108454
21242,RED RETROSPOT PLATE ,4860.98,0.0005454783410619198,0.6633463279519073
22120,WELCOME  WOODEN BLOCK LETTERS,4856.5199999999995,0.0005449778589778265,0.6638913058108851
21164,HOME SWEET HOME METAL SIGN ,4850.620000000001,0.0005443157862656851,0.6644356215971507
23109,PACK OF SIX LED TEA LIGHTS,4849.01,0.0005441351189662702,0.664979756716117
23263,SET OF 3 WOODEN HEART DECORATIONS,4829.08,0.0005418986597877991,0.6655216553759048
22595,GINGHAM HEART DECORATION,4828.38,0.0005418201087880536,0.6660634754846928
23126,FELTCRAFT GIRL AMELIE KIT,4824.13,0.0005413431920038839,0.6666048186766966
22464,HANGING METAL HEART LANTERN,4823.499999999999,0.0005412724961041127,0.6671460911728008
21124,SET/10 BLUE POLKADOT PARTY CANDLES,4798.34,0.0005384491487418283,0.6676845403215426
23162,REGENCY TEA STRAINER,4789.24,0.0005374279857451355,0.6682219683072878
22580,ADVENT CALENDAR GINGHAM SACK,4787.68,0.0005372529292314169,0.6687592212365192
23555,LANDMARK FRAME NOTTING HILL ,4768.15,0.0005350613563385147,0.6692942825928577
21907,I'M ON HOLIDAY METAL SIGN,4761.55,0.0005343207326266277,0.6698286033254843
22646,CERAMIC STRAWBERRY CAKE MONEY BANK,4756.91,0.0005338000517140283,0.6703624033771983
23554,LANDMARK FRAME OXFORD STREET,4755.65,0.0005336586599144861,0.6708960620371128
22207,FRYING PAN UNION FLAG,4731.36,0.000530932940223314,0.6714269949773362
21756,BATH BUILDING BLOCK WORD,4727.83,0.0005305368187531684,0.6719575317960893
22271,FELTCRAFT DOLL ROSIE,4716.870000000001,0.0005293069345285803,0.6724868387306179
22297,HEART IVORY TRELLIS SMALL,4715.03,0.0005291004576149632,0.6730159391882329
21172,PARTY METAL SIGN ,4708.2699999999995,0.0005283418793888486,0.6735442810676218
23052,RECYCLED ACAPULCO MAT TURQUOISE,4694.75,0.0005268247229366194,0.6740711057905584
22998,TRAVEL CARD WALLET KEEP CALM,4693.4,0.0005266732317228243,0.6745977790222812
22798,ANTIQUE GLASS DRESSING TABLE POT,4687.01,0.0005259561733108611,0.6751237351955921
22088,PAPER BUNTING COLOURED LACE,4683.1,0.0005255174098694249,0.6756492526054615
23295,SET OF 12 MINI LOAF BAKING CASES,4675.61,0.000524676914172147,0.6761739295196336
23314,VINTAGE CHRISTMAS TABLECLOTH,4663.52,0.0005233202261908267,0.6766972497458245
22636,CHILDS BREAKFAST SET CIRCUS PARADE,4656.3,0.0005225100287363078,0.6772197597745607
22849,BREAD BIN DINER STYLE MINT,4646.5599999999995,0.0005214170476827047,0.6777411768222434
23558,LANDMARK FRAME LONDON BRIDGE ,4641.7,0.0005208716793130425,0.6782620485015565
22488,NATURAL SLATE RECTANGLE CHALKBOARD,4636.91,0.0005203341660433547,0.6787823826675998
21558,SKULL LUNCH BOX WITH CUTLERY ,4624.8,0.000518975233747756,0.6793013579013476
23165,LARGE CERAMIC TOP STORAGE JAR,4624.499999999999,0.0005189415690335792,0.6798202994703811
23159,SET OF 5 PANCAKE DAY MAGNETS,4620.97,0.0005185454475634337,0.6803388449179446
22848,BREAD BIN DINER STYLE PINK,4598.349999999999,0.0005160071281145117,0.6808548520460591
22243,5 HOOK HANGER RED MAGIC TOADSTOOL,4596.75,0.0005158275829722361,0.6813706796290313
23234,BISCUIT TIN VINTAGE CHRISTMAS,4576.05,0.000513504717694045,0.6818841843467254
21390,FILIGRIS HEART WITH BUTTERFLY,4544.13,0.0005099227921056457,0.682394107138831
23569,TRADTIONAL ALPHABET STAMP SET,4531.95,0.0005085560047100724,0.6829026631435411
22301,COFFEE MUG CAT + BIRD DESIGN,4529.34,0.0005082631216967353,0.6834109262652378
23286,BLUE VINTAGE SPOT BEAKER,4528.29,0.0005081452951971169,0.683919071560435
47599A,PINK PARTY BAGS,4481.62,0.0005029081878283641,0.6844219797482634
82552,WASHROOM METAL SIGN,4462.37,0.0005007480353353603,0.6849227277835988
23010,CIRCUS PARADE BABY GIFT SET,4444.75,0.0004987707944560497,0.6854214985780548
22837,HOT WATER BOTTLE BABUSHKA ,4442.0,0.0004984622012427634,0.6859199607792975
21937,STRAWBERRY   PICNIC BAG,4433.45,0.0004975027568887279,0.6864174635361863
21539,RED RETROSPOT BUTTER DISH,4429.650000000001,0.0004970763371758233,0.686914539873362
22295,HEART FILIGREE DOVE LARGE,4420.169999999999,0.00049601253220784,0.6874105524055699
23285,PINK VINTAGE SPOT BEAKER,4384.83,0.0004920468288778267,0.6879025992344477
84050,PINK HEART SHAPE EGG FRYING PAN,4379.03,0.0004913959777370774,0.6883939952121848
23176,ABC TREASURE BOOK BOX ,4377.76,0.0004912534637803962,0.6888852486759652
21932,SCANDINAVIAN PAISLEY PICNIC BAG,4363.66,0.0004896712222140921,0.6893749198981793
22938,CUPCAKE LACE PAPER SET 6,4355.33,0.0004887364653171195,0.6898636563634964
23198,PANTRY MAGNETIC  SHOPPING LIST,4346.99,0.00048780058626300763,0.6903514569497594
22689,DOORMAT MERRY CHRISTMAS RED ,4340.44,0.0004870655733368167,0.6908385225230962
22142,CHRISTMAS CRAFT WHITE FAIRY ,4339.29,0.0004869365252658061,0.691325459048362
22606,WOODEN SKITTLES GARDEN SET,4336.75,0.0004866514973524435,0.6918121105457145
16014,SMALL CHINESE STYLE SCISSOR,4335.76,0.0004865404037956605,0.6922986509495102
23275,SET OF 3 HANGING OWLS OLLIE BEAK,4327.42,0.00048560452474154866,0.6927842554742517
21498,RED RETROSPOT WRAP ,4320.74,0.0004848549237725478,0.6932691103980243
21933,PINK VINTAGE PAISLEY PICNIC BAG,4295.86,0.0004820629968101615,0.6937511733948345
21833,CAMOUFLAGE LED TORCH,4278.12,0.0004800722900451803,0.6942312456848797
82001S,VINYL RECORD FRAME SILVER,4275.22,0.00047974686447480573,0.6947109925493545
21428,SET3 BOOK BOX GREEN GINGHAM FLOWER ,4263.55,0.0004784373070933327,0.6951894298564478
23288,GREEN VINTAGE SPOT BEAKER,4261.889999999999,0.00047825102900822167,0.695667680885456
15056P,EDWARDIAN PARASOL PINK,4254.16,0.0004773836015396025,0.6961450644869956
23503,PLAYING CARDS KEEP CALM & CARRY ON,4246.71,0.00047654759447088155,0.6966216120814666
23530,WALL ART ONLY ONE PERSON ,4241.25,0.0004759348966728659,0.6970975469781394
22549,PICTURE DOMINOES,4237.04,0.0004754624685172531,0.6975730094466567
20974,12 PENCILS SMALL TUBE SKULL,4235.1,0.0004752447700322439,0.6980482542166889
20979,36 PENCILS TUBE RED RETROSPOT,4233.51,0.0004750663470471075,0.698523320563736
82551,LAUNDRY 15C METAL SIGN,4229.719999999999,0.00047464104949134194,0.6989979616132274
23494,VINTAGE DOILY DELUXE SEWING KIT ,4218.7,0.0004734044323239185,0.6994713660455513
84997C,BLUE 3 PIECE POLKADOT CUTLERY SET,4213.34,0.0004728029560972951,0.6999441690016486
22082,RIBBON REEL STRIPES DESIGN ,4208.78,0.00047229125244180944,0.7004164602540904
22845,VINTAGE CREAM CAT FOOD CONTAINER,4208.09,0.00047221382359920313,0.7008886740776896
23167,SMALL CERAMIC TOP STORAGE JAR ,4184.179999999999,0.00046953074587932137,0.7013582048235689
23389,SPACEBOY MINI BACKPACK,4163.55,0.00046721573570110485,0.70182542055927
22626,BLACK KITCHEN SCALES,4159.53,0.00046676462853113723,0.7022921851878011
22417,PACK OF 60 SPACEBOY CAKE CASES,4131.6900000000005,0.00046364054305554105,0.7027558257308567
22898,CHILDRENS APRON APPLES DESIGN,4120.85,0.00046242412471662355,0.7032182498555734
22942,CHRISTMAS LIGHTS 10 SANTAS ,4108.75,0.0004610663145781639,0.7036793161701516
23404,HOME SWEET HOME BLACKBOARD,4108.58,0.00046104723790679715,0.7041403634080583
20975,12 PENCILS SMALL TUBE RED RETROSPOT,4101.200000000001,0.0004602190859380508,0.7046005824939964
23241,TREASURE TIN GYMKHANA DESIGN,4099.52,0.0004600305635386613,0.7050606130575351
84987,SET OF 36 TEATIME PAPER DOILIES,4078.68,0.00045769198806052097,0.7055183050455957
23397,FOOT STOOL HOME SWEET HOME ,4069.9,0.0004567067340922834,0.7059750117796879
21876,POTTERING MUG,4058.7599999999998,0.00045545665103918916,0.7064304684307271
84946,ANTIQUE SILVER TEA GLASS ETCHED,4033.0,0.0004525659742485513,0.7068830344049757
22174,PHOTO CUBE,4032.5599999999995,0.00045251659933442543,0.7073355510043101
22661,CHARLOTTE BAG DOLLY GIRL DESIGN,4028.19,0.0004520262166645851,0.7077875772209747
21086,SET/6 RED SPOTTY PAPER CUPS,4009.4900000000002,0.00044992778281423854,0.708237505003789
22899,CHILDREN'S APRON DOLLY GIRL ,3986.88,0.0004473905855224558,0.7086848955893115
20970,PINK FLORAL FELTCRAFT SHOULDER BAG,3983.63,0.0004470258844522084,0.7091319214737637
22721,SET OF 3 CAKE TINS SKETCHBOOK,3949.7200000000003,0.0004432206495931039,0.7095751421233568
23163,REGENCY SUGAR TONGS,3949.7000000000003,0.00044321840527882547,0.7100183605286357
22748,POPPY'S PLAYHOUSE KITCHEN,3933.7100000000005,0.00044142407601320825,0.7104597846046489
23129,HEART SHAPED HOLLY WREATH,3933.1800000000003,0.0004413646016848294,0.7109011492063337
22772,PINK DRAWER KNOB ACRYLIC EDWARDIAN,3926.72,0.00044063968817289144,0.7113417888945066
22781,GUMBALL MAGAZINE RACK,3916.79,0.00043952538613364325,0.7117813142806403
23340,VINTAGE CHRISTMAS CAKE FRILL,3899.2499999999995,0.0004375571225114464,0.7122188714031518
22841,ROUND CAKE TIN VINTAGE GREEN,3895.48,0.0004371340692699595,0.7126560054724217
23144,ZINC T-LIGHT HOLDER STARS SMALL,3879.9799999999996,0.0004353947257041641,0.7130914001981259
23486,ANTIQUE HEART SHELF UNIT,3879.15,0.00043530158666160864,0.7135267017847875
23557,LANDMARK FRAME BAKER STREET ,3867.85,0.00043403354909428687,0.7139607353338818
22061,LARGE CAKE STAND  HANGING STRAWBERY,3864.63,0.00043367221449545717,0.7143944075483772
22813,PACK 3 BOXES BIRD PANNETONE ,3862.9999999999995,0.0004334893028817638,0.714827896851259
72351B,SET/6 PINK  BUTTERFLY T-LIGHTS,3860.2400000000002,0.0004331795875113384,0.7152610764387703
23255,CHILDRENS CUTLERY CIRCUS PARADE,3856.59,0.00043277000015552204,0.7156938464389259
21704,BAG 250g SWIRLY MARBLES,3856.3799999999997,0.00043274643485559833,0.7161265928737814
22956,36 FOIL HEART CAKE CASES,3823.5600000000004,0.0004290635151246692,0.7165556563889061
22550,HOLIDAY FUN LUDO,3810.71,0.0004276215432007679,0.7169832779321068
22117,METAL SIGN HER DINNER IS SERVED ,3802.5,0.000426700252189466,0.7174099781842963
23205,CHARLOTTE BAG VINTAGE ALPHABET ,3786.22,0.00042487338036681127,0.7178348515646631
23012,GLASS APOTHECARY BOTTLE PERFUME,3775.4900000000002,0.0004236693057564252,0.7182585208704195
23193,BUFFALO BILL TREASURE BOOK BOX,3768.57,0.00042289277301608307,0.7186814136434356
23283,DOORMAT VINTAGE LEAF,3766.57,0.0004226683415882385,0.7191040819850238
23050,RECYCLED ACAPULCO MAT GREEN,3763.55,0.0004223294501321932,0.719526411435156
23306,SET OF 36 DOILIES PANTRY DESIGN,3761.9199999999996,0.00042214653851849985,0.7199485579736745
22951,60 CAKE CASES DOLLY GIRL DESIGN,3755.4100000000003,0.0004214160142208659,0.7203699739878954
22489,PACK OF 12 TRADITIONAL CRAYONS,3754.89,0.00042135766204962625,0.720791331649945
23534,WALL ART STOP FOR TEA ,3754.13,0.00042127237810704534,0.7212126040280521
21154,RED RETROSPOT OVEN GLOVE ,3751.63,0.00042099183882223965,0.7216335958668744
23184,BULL DOG BOTTLE OPENER,3749.5,0.0004207528193515852,0.722054348686226
22493,PAINT YOUR OWN CANVAS SET,3740.58,0.00041975185518339843,0.7224741005414094
21257,VICTORIAN SEWING BOX MEDIUM,3735.3900000000003,0.0004191694556281419,0.7228932699970375
22274,FELTCRAFT DOLL EMILY,3732.15,0.00041880587671503365,0.7233120758737526
23309,SET OF 60 I LOVE LONDON CAKE CASES ,3729.05,0.0004184580080018746,0.7237305338817545
21874,GIN AND TONIC MUG,3724.3599999999997,0.000417931716303579,0.724148465598058
22723,SET OF 6 HERB TINS SKETCHBOOK,3705.8900000000003,0.00041585909206743465,0.7245643246901254
23351,ROLL WRAP 50'S CHRISTMAS,3699.02,0.00041508817011278853,0.7249794128602383
22745,POPPY'S PLAYHOUSE BEDROOM ,3689.9500000000003,0.0004140703735875135,0.7253934832338258
22431,WATERING CAN BLUE ELEPHANT,3686.6499999999996,0.0004137000617315699,0.7258071832955574
23110,PARISIENNE KEY CABINET ,3685.2,0.00041353734894638265,0.7262207206445037
22656,VINTAGE BLUE KITCHEN CABINET,3685.0,0.00041351490580359817,0.7266342355503073
21098,CHRISTMAS TOILET ROLL,3680.05,0.00041295943801968293,0.7270471949883269
72760B,VINTAGE CREAM 3 BASKET CAKE STAND,3677.18,0.00041263737892072595,0.7274598323672476
22980,PANTRY SCRUBBING BRUSH,3661.8899999999994,0.00041092160065485427,0.7278707539679025
21892,TRADITIONAL WOODEN CATCH CUP GAME ,3656.75,0.0004103448118852938,0.7282810987797877
22649,STRAWBERRY FAIRY CAKE TEAPOT,3653.75,0.000410008164743527,0.7286911069445313
21749,LARGE RED RETROSPOT WINDMILL,3645.0000000000005,0.0004090262772467071,0.729100133221778
20677,PINK POLKADOT BOWL,3642.5800000000004,0.00040875471521901514,0.7295088879369971
20682,RED RETROSPOT CHILDRENS UMBRELLA,3629.66,0.0004073048881951392,0.7299161928251923
22236,CAKE STAND 3 TIER MAGIC GARDEN,3624.5999999999995,0.0004067370766826925,0.730322929901875
23064,CINDERELLA CHANDELIER ,3617.6000000000004,0.0004059515666852366,0.7307288814685602
22628,PICNIC BOXES SET OF 3 RETROSPOT ,3612.25,0.0004053512126157524,0.7311342326811759
22842,BISCUIT TIN VINTAGE RED,3609.8,0.00040507628411664285,0.7315393089652926
85049A,TRADITIONAL CHRISTMAS RIBBONS,3607.8,0.0004048518526887983,0.7319441608179814
22053,EMPIRE DESIGN ROSETTE,3596.4199999999996,0.00040357483786436266,0.7323477356558458
22350,ILLUSTRATED CAT BOWL ,3586.3199999999997,0.00040244145915374765,0.7327501771149996
23092,LARGE ANTIQUE WHITE PHOTO FRAME,3584.0600000000004,0.0004021878516402834,0.7331523649666398
23049,RECYCLED ACAPULCO MAT RED,3572.75,0.0004009186919158224,0.7335532836585557
22596,CHRISTMAS STAR WISH LIST CHALKBOARD,3567.7,0.0004003520025605148,0.7339536356611162
23299,FOOD COVER WITH BEADS SET 2 ,3556.42,0.0003990862093074716,0.7343527218704237
23236,STORAGE TIN VINTAGE DOILY ,3548.39,0.00039818511712467564,0.7347509069875483
22854,CREAM SWEETHEART EGG HOLDER,3547.3,0.0003980628019965004,0.7351489697895448
21527,RED RETROSPOT TRADITIONAL TEAPOT ,3540.6000000000004,0.0003973109567132211,0.735546280746258
21260,FIRST AID TIN,3530.35,0.0003961607456455177,0.7359424414919036
21746,SMALL RED RETROSPOT WINDMILL,3521.7000000000003,0.00039519007972009003,0.7363376315716237
22809,SET OF 6 T-LIGHTS SANTA,3517.6600000000003,0.00039473672823584405,0.7367323682998596
22890,NOVELTY BISCUITS CAKE STAND 3 TIER,3505.12,0.0003933295431832586,0.7371256978430428
85049E,SCANDINAVIAN REDS RIBBONS,3499.7,0.00039272133401379986,0.7375184191770566
23089,GLASS BON BON JAR,3497.22,0.0003924430390432726,0.7379108622160999
22371,AIRLINE BAG VINTAGE TOKYO 78,3489.88,0.0003916193757030831,0.738302481591803
23085,ANTIQUE SILVER BAUBLE LAMP  ,3489.7000000000003,0.0003915991768745771,0.7386940807686776
23081,GREEN METAL BOX ARMY SUPPLIES,3482.64,0.0003908069339342858,0.7390848877026119
71477,COLOURED GLASS STAR T-LIGHT HOLDER,3478.8300000000004,0.00039037939206424196,0.7394752670946761
84792,ENCHANTED BIRD COATHANGER 5 HOOK,3475.19,0.00038997092686556483,0.7398652380215417
23111,PARISIENNE SEWING BOX,3464.8,0.00038880500559791237,0.7402540430271396
23349,ROLL WRAP VINTAGE CHRISTMAS,3462.89,0.00038859067358432077,0.7406426337007239
21531,RED RETROSPOT SUGAR JAM BOWL,3459.15,0.0003881709868142515,0.7410308046875381
21588,RETROSPOT GIANT TUBE MATCHES,3450.15,0.00038716104538895097,0.7414179657329271
84508A,CAMOUFLAGE DESIGN TEDDY,3445.5000000000005,0.0003866392423192124,0.7418046049752463
23112,PARISIENNE CURIO CABINET,3444.8,0.00038656069131946677,0.7421911656665657
23535,WALL ART BICYCLE SAFETY,3442.27,0.0003862767855632434,0.742577442452129
22688,DOORMAT PEACE ON EARTH BLUE,3442.04,0.0003862509759490413,0.742963693428078
23497,CLASSIC CHROME BICYCLE BELL ,3435.7,0.000385539528322774,0.7433492329564008
23130,MISTLETOE HEART WREATH GREEN,3435.6200000000003,0.00038553055106566026,0.7437347635074664
21703,BAG 125g SWIRLY MARBLES,3431.35,0.0003850513899672121,0.7441198148974336
21928,JUMBO BAG SCANDINAVIAN PAISLEY,3430.65,0.00038497283896746654,0.744504787736401
21497,FANCY FONTS BIRTHDAY WRAP,3430.0,0.00038489989875341703,0.7448896876351545
23194,GYMKHANA TREASURE BOOK BOX,3426.83,0.0003845441749402834,0.7452742318100948
22665,RECIPE BOX BLUE SKETCHBOOK DESIGN,3425.01,0.0003843399423409449,0.7456585717524358
23191,BUNDLE OF 3 RETRO NOTE BOOKS,3421.3999999999996,0.0003839348436136854,0.7460425065960494
22577,WOODEN HEART CHRISTMAS SCANDINAVIAN,3416.4799999999996,0.0003833827423011878,0.7464258893383506
21745,GAOLERS KEYS DECORATIVE GARDEN ,3412.19,0.00038290133688846125,0.7468087906752391
21463,MIRRORED DISCO BALL ,3405.3,0.00038212817061953675,0.7471909188458586
22782,SET 3 WICKER STORAGE BASKETS ,3399.95,0.00038152781655005256,0.7475724466624087
22089,PAPER BUNTING VINTAGE PAISLEY,3398.5000000000005,0.0003813651037648653,0.7479538117661736
23210,WHITE ROCKING HORSE HAND PAINTED,3377.75,0.00037903662770097797,0.7483328483938746
22131,FOOD CONTAINER SET 3 LOVE HEART ,3370.42,0.0003782140865179277,0.7487110624803925
22148,EASTER CRAFT 4 CHICKS ,3367.0499999999997,0.0003778359195620095,0.7490888983999545
23032,DRAWER KNOB CRACKLE GLAZE IVORY,3361.7999999999997,0.0003772467870639176,0.7494661451870185
23294,SET OF 6 SNACK LOAF BAKING CASES,3360.18,0.0003770649976073635,0.7498432101846259
21244,BLUE POLKADOT PLATE ,3359.47,0.0003769853244504787,0.7502201955090764
22896,PEG BAG APPLES DESIGN,3356.77,0.00037668234202288856,0.7505968778510993
22466,FAIRY TALE COTTAGE NIGHTLIGHT,3352.7999999999997,0.0003762368456386171,0.7509731146967379
23091,ZINC HERB GARDEN CONTAINER,3348.57,0.00037576217316872586,0.7513488768699066
22383,LUNCH BAG SUKI  DESIGN ,3339.65,0.00037476120900053914,0.7517236380789071
23552,BICYCLE PUNCTURE REPAIR KIT ,3338.8,0.0003746658256437052,0.7520983039045508
22694,WICKER STAR ,3337.2000000000003,0.0003744862805014296,0.7524727901850522
22908,PACK OF 20 NAPKINS RED APPLES,3330.64,0.0003737501454180994,0.7528465403304703
23571,TRADITIONAL NAUGHTS & CROSSES,3330.5999999999995,0.00037374565678954244,0.7532202859872598
23189,SET OF 12 FORK CANDLES,3319.35,0.00037248323000791685,0.7535927692172677
22926,IVORY GIANT GARDEN THERMOMETER,3313.55,0.0003718323788671677,0.7539646015961349
23156,SET OF 5 MINI GROCERY MAGNETS,3311.78,0.00037163375705352524,0.7543362353531884
47567B,TEA TIME KITCHEN APRON,3289.7200000000003,0.00036915827840439976,0.7547053936315928
23332,IVORY WICKER HEART LARGE,3283.7999999999997,0.00036849396137797984,0.7550738875929708
23009,I LOVE LONDON BABY GIFT SET,3262.5499999999997,0.0003661093774571314,0.755439996970428
21890,S/6 WOODEN SKITTLES IN COTTON BAG,3262.51,0.00036610488882857456,0.7558061018592566
22435,SET OF 9 HEART SHAPED BALLOONS,3257.04,0.0003654910688734197,0.75617159292813
22563,HAPPY STENCIL CRAFT,3254.6000000000004,0.00036521726253144936,0.7565368101906614
22967,SET 3 SONG BIRD PAPER EGGS ASSORTED,3230.55,0.0003625184746116185,0.7568993286652731
22348,TEA BAG PLATE RED RETROSPOT,3223.49,0.0003617262316713272,0.7572610548969444
22801,ANTIQUE GLASS PEDESTAL BOWL,3223.35,0.0003617105214713781,0.7576227654184158
21906,PHARMACIE FIRST AID TIN,3220.81,0.0003614254935580155,0.7579841909119738
22738,RIBBON REEL SNOWY VILLAGE,3219.43,0.0003612706358728027,0.7583454615478465
23013,GLASS APOTHECARY BOTTLE TONIC,3215.0400000000004,0.00036077800888868397,0.7587062395567352
23230,WRAP ALPHABET DESIGN,3207.0,0.0003598757945487488,0.759066115351284
23426,METAL SIGN DROP YOUR PANTS,3192.56,0.0003582553996397111,0.7594243707509237
23239,SET OF 4 KNICK KNACK TINS POPPIES,3188.05,0.0003577493067699217,0.7597821200576936
20675,BLUE POLKADOT BOWL,3179.9,0.00035683474870145505,0.760138954806395
23127,FELTCRAFT GIRL NICOLE KIT,3174.7400000000002,0.00035625571561761615,0.7604952105220126
22775,PURPLE DRAWERKNOB ACRYLIC EDWARDIAN,3169.87,0.0003557092250908146,0.7608509197471034
23350,ROLL WRAP VINTAGE SPOT ,3165.65,0.0003552356747780626,0.7612061554218814
22578,WOODEN STAR CHRISTMAS SCANDINAVIAN,3165.22,0.000355187422021076,0.7615613428439025
23388,WOODLAND MINI BACKPACK,3150.2000000000003,0.0003535019419979634,0.7619148447859005
22491,PACK OF 12 COLOURED PENCILS,3130.8399999999997,0.00035132944577642803,0.762266174231677
22029,SPACEBOY BIRTHDAY CARD,3130.22,0.0003512598720337962,0.7626174341037107
85053,FRENCH ENAMEL CANDLEHOLDER,3104.32,0.00034835348504320924,0.762965787588754
22432,WATERING CAN PINK BUNNY,3100.58,0.0003479337982731399,0.7633137213870271
23308,SET OF 60 VINTAGE LEAF CAKE CASES ,3098.21,0.0003476678470311441,0.7636613892340582
22760,"TRAY, BREAKFAST IN BED",3089.85,0.0003467297236627538,0.764008118957721
23353,6 GIFT TAGS VINTAGE CHRISTMAS ,3076.2899999999995,0.00034520807858196765,0.764353327036303
23342,MINT DINER WALL CLOCK,3051.5,0.0003424262510338344,0.7646957532873369
22567,20 DOLLY PEGS RETROSPOT,3048.2,0.0003420559391778909,0.7650378092265148
22300,COFFEE MUG DOG + BALL DESIGN,3047.3399999999997,0.00034195943366391773,0.7653797686601786
23168,CLASSIC CAFE SUGAR DISPENSER,3038.35,0.00034095061439575646,0.7657207192745744
22468,BABUSHKA LIGHTS STRING OF 10,3032.39,0.00034028180874077964,0.7660610010833152
84997A,GREEN 3 PIECE POLKADOT CUTLERY SET,3019.23,0.00033880504994556246,0.7663998061332608
23253,16 PIECE CUTLERY SET PANTRY DESIGN,3018.2999999999997,0.00033870068933161473,0.7667385068225924
82580,BATHROOM METAL SIGN,3018.05,0.00033867263540313423,0.7670771794579955
22504,CABIN BAG VINTAGE RETROSPOT,3012.4,0.00033803861661947334,0.767415218074615
21243,PINK  POLKADOT PLATE ,3010.71,0.00033784897206294465,0.7677530670466779
22892,SET OF SALT AND PEPPER TOADSTOOLS,3007.85,0.00033752803512112695,0.768090595081799
22564,ALPHABET STENCIL CRAFT,3005.44,0.00033725759525057424,0.7684278526770496
22687,DOORMAT CHRISTMAS VILLAGE,2991.7,0.0003357157513412821,0.7687635684283909
16161P,WRAP ENGLISH ROSE ,2990.92,0.00033562822308442277,0.7690991966514753
23065,LARGE DECO JEWELLERY STAND,2990.3,0.00033555864934179096,0.7694347553008171
22855,FINE WICKER HEART ,2984.52,0.00033491004251532015,0.7697696653433324
23346,SPACEBOY BEAKER,2975.75,0.0003339259107042218,0.7701035912540366
21135,VICTORIAN  METAL POSTCARD SPRING,2975.24,0.0003338686806901214,0.7704374599347267
23237,SET OF 4 KNICK KNACK TINS LEAF,2975.0,0.0003338417489187801,0.7707713016836455
22669,RED BABY BUNTING ,2969.65,0.0003332413948492959,0.7711045430784947
23323,WHITE WICKER STAR ,2963.1000000000004,0.000332506381923105,0.7714370494604178
22180,RETROSPOT LAMP,2962.6499999999996,0.0003324558848518399,0.7717695053452697
23014,GLASS APOTHECARY BOTTLE ELIXIR,2959.6800000000003,0.0003321226041814908,0.7721016279494511
21385,IVORY HANGING DECORATION  HEART,2957.64,0.0003318936841250893,0.7724335216335763
22962,JAM JAR WITH PINK LID,2952.5699999999997,0.0003313247504555033,0.7727648463840318
23461,SWEETHEART BIRD HOUSE,2950.05,0.0003310419668564192,0.7730958883508882
21974,SET OF 36 PAISLEY FLOWER DOILIES,2942.5099999999998,0.0003301958603734452,0.7734260842112616
23236,DOILEY STORAGE TIN,2934.98,0.0003293508760476105,0.7737554350873092
21868,POTTING SHED TEA MUG,2926.98,0.00032845315033623227,0.7740838882376454
22311,OFFICE MUG WARMER BLACK+SILVER ,2925.5,0.0003282870710796273,0.7744121753087251
21429,RED GINGHAM ROSE JEWELLERY BOX,2925.0,0.0003282309632226661,0.7747404062719477
21716,BOYS VINTAGE TIN SEASIDE BUCKET,2921.72,0.00032786289568100105,0.7750682691676287
22212,FOUR HOOK  WHITE LOVEBIRDS,2917.4700000000003,0.0003273859788968314,0.7753956551465255
22244,3 HOOK HANGER MAGIC GARDEN,2915.5499999999997,0.00032717052472610057,0.7757228256712516
23188,VINTAGE  2 METER FOLDING RULER,2904.1199999999994,0.00032588789911596887,0.7760487135703675
23242,TREASURE TIN BUFFALO BILL ,2898.56,0.00032526397974656107,0.7763739775501141
22065,CHRISTMAS PUDDING TRINKET POT ,2892.02,0.00032453008897750935,0.7766985076390915
23035,DRAWER KNOB CERAMIC IVORY,2889.49,0.000324246183221286,0.7770227538223128
23393,HOME SWEET HOME CUSHION COVER ,2883.75,0.00032360206502337214,0.7773463558873361
21658,GLASS  BEURRE DISH,2874.07,0.00032251581691260445,0.7776688717042487
22460,EMBOSSED GLASS TEALIGHT HOLDER,2871.84,0.0003222655758705578,0.7779911372801193
22812,PACK 3 BOXES CHRISTMAS PANNETONE,2869.1,0.00032195810481441074,0.7783130953849337
21561,DINOSAUR LUNCH BOX WITH CUTLERY,2868.7799999999997,0.0003219221957859556,0.7786350175807196
23390,DOLLY GIRL MINI BACKPACK,2855.55,0.0003204375818907639,0.7789554551626103
22195,LARGE HEART MEASURING SPOONS,2841.87,0.00031890247092430707,0.7792743576335346
22465,HANGING METAL STAR LANTERN,2839.6299999999997,0.0003186511077251211,0.7795930087412597
23182,TOILET SIGN OCCUPIED OR VACANT,2837.5699999999997,0.00031841994335444124,0.7799114286846142
37370,RETRO COFFEE MUGS ASSORTED,2835.08,0.0003181405262267748,0.780229569210841
23283,DOORMAT VINTAGE LEAVES DESIGN ,2833.7000000000003,0.0003179856685415621,0.7805475548793825
22079,RIBBON REEL HEARTS DESIGN ,2831.9900000000002,0.000317793779670755,0.7808653486590533
21935,SUKI  SHOULDER BAG,2824.37,0.00031693869593066716,0.781182287354984
21238,RED RETROSPOT CUP,2822.41,0.0003167187531313795,0.7814990061081153
22894,TABLECLOTH RED APPLES DESIGN ,2821.95,0.00031666713390297526,0.7818156732420183
22219,LOVEBIRD HANGING DECORATION WHITE ,2818.62,0.00031629345557561406,0.7821319666975939
85132C,CHARLIE AND LOLA FIGURES TINS,2817.7999999999997,0.0003162014386901978,0.782448168136284
22800,ANTIQUE TALL SWIRLGLASS TRINKET POT,2817.13,0.0003161262541618699,0.7827642943904459
21918,SET 12 KIDS COLOUR  CHALK STICKS,2814.7,0.0003158535699770387,0.7830801479604229
23329,DECORATIVE WICKER HEART LARGE,2812.7999999999997,0.0003156403601205864,0.7833957883205435
84692,BOX OF 24 COCKTAIL PARASOLS,2810.67,0.00031540134064993197,0.7837111896611934
21499,BLUE POLKADOT WRAP,2808.5,0.00031515783255072063,0.7840263474937441
22810,SET OF 6 T-LIGHTS SNOWMEN,2792.0800000000004,0.00031331525052811685,0.7843396627442722
23056,FLOWERS CHANDELIER T-LIGHT HOLDER,2789.66,0.00031304368850042485,0.7846527064327726
79000,MOROCCAN TEA GLASS,2761.6,0.0003098949155677657,0.7849626013483404
23345, DOLLY GIRL BEAKER,2759.5,0.00030965926256852893,0.7852722606109089
23290,SPACEBOY CHILDRENS BOWL,2757.15,0.0003093955556408116,0.7855816561665497
23354,6 GIFT TAGS 50'S CHRISTMAS ,2753.4199999999996,0.0003089769910278815,0.7858906331575776
22972,CHILDREN'S SPACEBOY MUG,2751.1099999999997,0.000308717772728721,0.7861993509303062
22331,WOODLAND PARTY BAG + STICKER SET,2750.96,0.0003087009403716327,0.7865080518706778
22823,CHEST NATURAL WOOD 20 DRAWERS,2745.0,0.00030803213471665593,0.7868160840053945
23051,RECYCLED ACAPULCO MAT BLUE,2741.35,0.00030762254736083956,0.7871237065527553
21715,GIRLS VINTAGE TIN SEASIDE BUCKET,2736.75,0.0003071063550767971,0.7874308129078321
21381,MINI WOODEN HAPPY BIRTHDAY GARLAND,2733.07,0.0003066934012495631,0.7877375063090817
22746,POPPY'S PLAYHOUSE LIVINGROOM ,2733.02,0.000306687790463867,0.7880441940995455
47599B,BLUE PARTY BAGS ,2728.94,0.0003062299503510641,0.7883504240498965
72807C,SET/3 VANILLA SCENTED CANDLE IN BOX,2727.97,0.0003061211011085595,0.7886565451510051
22778,GLASS CLOCHE SMALL,2727.95,0.00030611885679428106,0.7889626640077995
22739,RIBBON REEL CHRISTMAS SOCK BAUBLE,2704.44,0.00030348066535996825,0.7892661446731595
22990,COTTON APRON PANTRY DESIGN,2695.29,0.0003024538915775794,0.789568598564737
22843,BISCUIT TIN VINTAGE GREEN,2691.88,0.00030207123599310445,0.7898706698007302
23190,BUNDLE OF 3 SCHOOL EXERCISE BOOKS  ,2691.14,0.00030198819636480196,0.790172657997095
23147,SINGLE ANTIQUE ROSE HOOK IVORY,2672.85,0.0002999357709571635,0.7904725937680522
21201,TROPICAL  HONEYCOMB PAPER GARLAND ,2672.25,0.0002998684415288101,0.7907724622095811
20754,RETROSPOT RED WASHING UP GLOVES,2670.48,0.00029966981971516767,0.7910721320292963
22045,SPACEBOY GIFT WRAP,2662.84,0.0002988124916608015,0.791370944520957
22702,BLACK AND WHITE CAT BOWL,2661.8999999999996,0.0002987070088897145,0.7916696515298467
23427,STOOL HOME SWEET HOME ,2648.4,0.00029719209675176377,0.7919668436265984
22604,SET OF 4 NAPKIN CHARMS CUTLERY,2647.96,0.00029714272183763797,0.7922639863484361
22430,ENAMEL WATERING CAN CREAM,2646.6,0.0002969901084667036,0.7925609764569028
85178,VICTORIAN SEWING KIT,2642.19,0.0002964952371683064,0.7928574716940712
23211,RED ROCKING HORSE HAND PAINTED,2634.0,0.00029557619047128293,0.7931530478845424
22830,UTILTY CABINET WITH HOOKS,2610.29,0.0002929155558941857,0.7934459634404366
22078,RIBBON REEL LACE DESIGN ,2610.0,0.00029288301333714825,0.7937388464537738
23395,BELLE JARDINIERE CUSHION COVER,2604.48,0.0002922635825962973,0.7940311100363701
22222,CAKE PLATE LOVEBIRD WHITE,2599.2,0.0002916710836267876,0.7943227811199969
23053,RECYCLED ACAPULCO MAT PINK,2598.15,0.0002915532571271692,0.794614334377124
22179,SET 10 LIGHTS NIGHT OWL,2593.65,0.00029104828641451897,0.7949053826635385
21500,PINK POLKADOT WRAP ,2593.0,0.0002909753462004695,0.795196358009739
21563,RED HEART SHAPE LOVE BUCKET ,2591.02,0.00029075315908690336,0.7954871111688259
22906,12 MESSAGE CARDS WITH ENVELOPES,2590.2,0.0002906611422014871,0.7957777723110273
22700,BLACK AND WHITE DOG BOWL,2584.68,0.0002900417114606361,0.7960678140224879
22777,GLASS CLOCHE LARGE,2581.4500000000003,0.00028967925470466723,0.7963574932771926
21115,ROSE CARAVAN DOORSTOP,2580.21,0.00028954010721940357,0.796647033384412
23164,REGENCY CAKE SLICE,2579.21,0.0002894278915054813,0.7969364612759174
23534,STOP FOR TEA WALL ART,2572.7,0.0002886973672078472,0.7972251586431253
23212,HEART WREATH DECORATION WITH BELL,2567.63,0.0002881284335382613,0.7975132870766636
23100,SILVER BELLS TABLE DECORATION,2565.85,0.0002879286895674796,0.7978012157662311
22187,GREEN CHRISTMAS TREE CARD HOLDER,2562.27,0.00028752695731163786,0.7980887427235427
21735,TWO DOOR CURIO CABINET,2551.95,0.0002863688911439599,0.7983751116146867
20973,12 PENCIL SMALL TUBE WOODLAND,2551.15,0.00028627911857282215,0.7986613907332595
21985,PACK OF 12 HEARTS DESIGN TISSUES ,2550.29,0.00028618261305884897,0.7989475733463183
72802C,VANILLA SCENT CANDLE JEWELLED BOX,2545.37,0.00028563051174635134,0.7992332038580646
23266,SET OF 3 WOODEN STOCKING DECORATION,2543.39,0.00028540832463278524,0.7995186121826974
22072,RED RETROSPOT TEA CUP AND SAUCER ,2539.19,0.0002849370186343117,0.7998035492013317
